<annotation>
	<folder></folder>
	<filename>DJI_0238_JPG_jpg.rf.cbbe33a01b387137903401d4d7b14589.jpg</filename>
	<path>DJI_0238_JPG_jpg.rf.cbbe33a01b387137903401d4d7b14589.jpg</path>
	<source>
		<database>roboflow.ai</database>
	</source>
	<size>
		<width>500</width>
		<height>500</height>
		<depth>3</depth>
	</size>
	<segmented>0</segmented>
	<object>
		<name>conde</name>
		<pose>Unspecified</pose>
		<truncated>0</truncated>
		<difficult>0</difficult>
		<occluded>0</occluded>
		<bndbox>
			<xmin>274</xmin>
			<xmax>307</xmax>
			<ymin>23</ymin>
			<ymax>111</ymax>
		</bndbox>
	</object>
	<object>
		<name>conde</name>
		<pose>Unspecified</pose>
		<truncated>0</truncated>
		<difficult>0</difficult>
		<occluded>0</occluded>
		<bndbox>
			<xmin>276</xmin>
			<xmax>304</xmax>
			<ymin>410</ymin>
			<ymax>501</ymax>
		</bndbox>
	</object>
</annotation>
