<annotation>
	<folder></folder>
	<filename>DJI_0366_JPG_jpg.rf.278a041ca1041362f7bda6556057481c.jpg</filename>
	<path>DJI_0366_JPG_jpg.rf.278a041ca1041362f7bda6556057481c.jpg</path>
	<source>
		<database>roboflow.ai</database>
	</source>
	<size>
		<width>500</width>
		<height>500</height>
		<depth>3</depth>
	</size>
	<segmented>0</segmented>
	<object>
		<name>conde</name>
		<pose>Unspecified</pose>
		<truncated>0</truncated>
		<difficult>0</difficult>
		<occluded>0</occluded>
		<bndbox>
			<xmin>299</xmin>
			<xmax>361</xmax>
			<ymin>237</ymin>
			<ymax>261</ymax>
		</bndbox>
	</object>
	<object>
		<name>conde</name>
		<pose>Unspecified</pose>
		<truncated>0</truncated>
		<difficult>0</difficult>
		<occluded>0</occluded>
		<bndbox>
			<xmin>1</xmin>
			<xmax>61</xmax>
			<ymin>241</ymin>
			<ymax>265</ymax>
		</bndbox>
	</object>
	<object>
		<name>conde</name>
		<pose>Unspecified</pose>
		<truncated>0</truncated>
		<difficult>0</difficult>
		<occluded>0</occluded>
		<bndbox>
			<xmin>423</xmin>
			<xmax>479</xmax>
			<ymin>253</ymin>
			<ymax>270</ymax>
		</bndbox>
	</object>
	<object>
		<name>conde</name>
		<pose>Unspecified</pose>
		<truncated>0</truncated>
		<difficult>0</difficult>
		<occluded>0</occluded>
		<bndbox>
			<xmin>334</xmin>
			<xmax>392</xmax>
			<ymin>260</ymin>
			<ymax>281</ymax>
		</bndbox>
	</object>
	<object>
		<name>conde</name>
		<pose>Unspecified</pose>
		<truncated>0</truncated>
		<difficult>0</difficult>
		<occluded>0</occluded>
		<bndbox>
			<xmin>123</xmin>
			<xmax>182</xmax>
			<ymin>224</ymin>
			<ymax>247</ymax>
		</bndbox>
	</object>
	<object>
		<name>conde</name>
		<pose>Unspecified</pose>
		<truncated>0</truncated>
		<difficult>0</difficult>
		<occluded>0</occluded>
		<bndbox>
			<xmin>224</xmin>
			<xmax>253</xmax>
			<ymin>225</ymin>
			<ymax>250</ymax>
		</bndbox>
	</object>
	<object>
		<name>conde</name>
		<pose>Unspecified</pose>
		<truncated>0</truncated>
		<difficult>0</difficult>
		<occluded>0</occluded>
		<bndbox>
			<xmin>65</xmin>
			<xmax>123</xmax>
			<ymin>226</ymin>
			<ymax>249</ymax>
		</bndbox>
	</object>
</annotation>
