<annotation>
	<folder></folder>
	<filename>DJI_0335_JPG_jpg.rf.68bb9ad4784493fa6485dd65a0c4738b.jpg</filename>
	<path>DJI_0335_JPG_jpg.rf.68bb9ad4784493fa6485dd65a0c4738b.jpg</path>
	<source>
		<database>roboflow.ai</database>
	</source>
	<size>
		<width>500</width>
		<height>500</height>
		<depth>3</depth>
	</size>
	<segmented>0</segmented>
	<object>
		<name>conde</name>
		<pose>Unspecified</pose>
		<truncated>0</truncated>
		<difficult>0</difficult>
		<occluded>0</occluded>
		<bndbox>
			<xmin>137</xmin>
			<xmax>168</xmax>
			<ymin>7</ymin>
			<ymax>53</ymax>
		</bndbox>
	</object>
</annotation>
