<annotation>
	<folder></folder>
	<filename>DJI_0169_JPG_jpg.rf.1e8dff6445ffc9520f3c6fa6c9b1c230.jpg</filename>
	<path>DJI_0169_JPG_jpg.rf.1e8dff6445ffc9520f3c6fa6c9b1c230.jpg</path>
	<source>
		<database>roboflow.ai</database>
	</source>
	<size>
		<width>500</width>
		<height>500</height>
		<depth>3</depth>
	</size>
	<segmented>0</segmented>
	<object>
		<name>conde</name>
		<pose>Unspecified</pose>
		<truncated>0</truncated>
		<difficult>0</difficult>
		<occluded>0</occluded>
		<bndbox>
			<xmin>397</xmin>
			<xmax>450</xmax>
			<ymin>1</ymin>
			<ymax>57</ymax>
		</bndbox>
	</object>
	<object>
		<name>conde</name>
		<pose>Unspecified</pose>
		<truncated>0</truncated>
		<difficult>0</difficult>
		<occluded>0</occluded>
		<bndbox>
			<xmin>76</xmin>
			<xmax>121</xmax>
			<ymin>441</ymin>
			<ymax>475</ymax>
		</bndbox>
	</object>
</annotation>
