<annotation>
	<folder></folder>
	<filename>DJI_0413_JPG_jpg.rf.73bf8fac12289fac96da3db86b3fae84.jpg</filename>
	<path>DJI_0413_JPG_jpg.rf.73bf8fac12289fac96da3db86b3fae84.jpg</path>
	<source>
		<database>roboflow.ai</database>
	</source>
	<size>
		<width>500</width>
		<height>500</height>
		<depth>3</depth>
	</size>
	<segmented>0</segmented>
	<object>
		<name>conde</name>
		<pose>Unspecified</pose>
		<truncated>0</truncated>
		<difficult>0</difficult>
		<occluded>0</occluded>
		<bndbox>
			<xmin>422</xmin>
			<xmax>465</xmax>
			<ymin>158</ymin>
			<ymax>204</ymax>
		</bndbox>
	</object>
	<object>
		<name>conde</name>
		<pose>Unspecified</pose>
		<truncated>0</truncated>
		<difficult>0</difficult>
		<occluded>0</occluded>
		<bndbox>
			<xmin>308</xmin>
			<xmax>343</xmax>
			<ymin>152</ymin>
			<ymax>194</ymax>
		</bndbox>
	</object>
	<object>
		<name>conde</name>
		<pose>Unspecified</pose>
		<truncated>0</truncated>
		<difficult>0</difficult>
		<occluded>0</occluded>
		<bndbox>
			<xmin>94</xmin>
			<xmax>134</xmax>
			<ymin>129</ymin>
			<ymax>173</ymax>
		</bndbox>
	</object>
	<object>
		<name>conde</name>
		<pose>Unspecified</pose>
		<truncated>0</truncated>
		<difficult>0</difficult>
		<occluded>0</occluded>
		<bndbox>
			<xmin>408</xmin>
			<xmax>444</xmax>
			<ymin>252</ymin>
			<ymax>333</ymax>
		</bndbox>
	</object>
</annotation>
