<annotation>
	<folder></folder>
	<filename>DJI_0187_JPG_jpg.rf.1bc0fd8100d102a6125b67da507befdd.jpg</filename>
	<path>DJI_0187_JPG_jpg.rf.1bc0fd8100d102a6125b67da507befdd.jpg</path>
	<source>
		<database>roboflow.ai</database>
	</source>
	<size>
		<width>500</width>
		<height>500</height>
		<depth>3</depth>
	</size>
	<segmented>0</segmented>
	<object>
		<name>conde</name>
		<pose>Unspecified</pose>
		<truncated>0</truncated>
		<difficult>0</difficult>
		<occluded>0</occluded>
		<bndbox>
			<xmin>71</xmin>
			<xmax>118</xmax>
			<ymin>466</ymin>
			<ymax>501</ymax>
		</bndbox>
	</object>
	<object>
		<name>conde</name>
		<pose>Unspecified</pose>
		<truncated>0</truncated>
		<difficult>0</difficult>
		<occluded>0</occluded>
		<bndbox>
			<xmin>242</xmin>
			<xmax>279</xmax>
			<ymin>469</ymin>
			<ymax>501</ymax>
		</bndbox>
	</object>
	<object>
		<name>conde</name>
		<pose>Unspecified</pose>
		<truncated>0</truncated>
		<difficult>0</difficult>
		<occluded>0</occluded>
		<bndbox>
			<xmin>378</xmin>
			<xmax>417</xmax>
			<ymin>472</ymin>
			<ymax>501</ymax>
		</bndbox>
	</object>
</annotation>
