<annotation>
	<folder></folder>
	<filename>DJI_0657_JPG_jpg.rf.9167f10827e2c8fe5197929247628ebf.jpg</filename>
	<path>DJI_0657_JPG_jpg.rf.9167f10827e2c8fe5197929247628ebf.jpg</path>
	<source>
		<database>roboflow.ai</database>
	</source>
	<size>
		<width>500</width>
		<height>500</height>
		<depth>3</depth>
	</size>
	<segmented>0</segmented>
	<object>
		<name>conde</name>
		<pose>Unspecified</pose>
		<truncated>0</truncated>
		<difficult>0</difficult>
		<occluded>0</occluded>
		<bndbox>
			<xmin>252</xmin>
			<xmax>284</xmax>
			<ymin>445</ymin>
			<ymax>489</ymax>
		</bndbox>
	</object>
	<object>
		<name>conde</name>
		<pose>Unspecified</pose>
		<truncated>0</truncated>
		<difficult>0</difficult>
		<occluded>0</occluded>
		<bndbox>
			<xmin>327</xmin>
			<xmax>362</xmax>
			<ymin>455</ymin>
			<ymax>501</ymax>
		</bndbox>
	</object>
	<object>
		<name>conde</name>
		<pose>Unspecified</pose>
		<truncated>0</truncated>
		<difficult>0</difficult>
		<occluded>0</occluded>
		<bndbox>
			<xmin>429</xmin>
			<xmax>451</xmax>
			<ymin>463</ymin>
			<ymax>494</ymax>
		</bndbox>
	</object>
</annotation>
