<annotation>
	<folder></folder>
	<filename>DJI_0593_JPG_jpg.rf.3eada281193f2abc2cd1cfcabe92686a.jpg</filename>
	<path>DJI_0593_JPG_jpg.rf.3eada281193f2abc2cd1cfcabe92686a.jpg</path>
	<source>
		<database>roboflow.ai</database>
	</source>
	<size>
		<width>500</width>
		<height>500</height>
		<depth>3</depth>
	</size>
	<segmented>0</segmented>
	<object>
		<name>conde</name>
		<pose>Unspecified</pose>
		<truncated>0</truncated>
		<difficult>0</difficult>
		<occluded>0</occluded>
		<bndbox>
			<xmin>20</xmin>
			<xmax>53</xmax>
			<ymin>283</ymin>
			<ymax>338</ymax>
		</bndbox>
	</object>
	<object>
		<name>conde</name>
		<pose>Unspecified</pose>
		<truncated>0</truncated>
		<difficult>0</difficult>
		<occluded>0</occluded>
		<bndbox>
			<xmin>49</xmin>
			<xmax>75</xmax>
			<ymin>14</ymin>
			<ymax>70</ymax>
		</bndbox>
	</object>
	<object>
		<name>conde</name>
		<pose>Unspecified</pose>
		<truncated>0</truncated>
		<difficult>0</difficult>
		<occluded>0</occluded>
		<bndbox>
			<xmin>21</xmin>
			<xmax>50</xmax>
			<ymin>120</ymin>
			<ymax>168</ymax>
		</bndbox>
	</object>
</annotation>
