<annotation>
	<folder></folder>
	<filename>DJI_0302_JPG_jpg.rf.a104e2edf3f9e9a2af95918d14cd5456.jpg</filename>
	<path>DJI_0302_JPG_jpg.rf.a104e2edf3f9e9a2af95918d14cd5456.jpg</path>
	<source>
		<database>roboflow.ai</database>
	</source>
	<size>
		<width>500</width>
		<height>500</height>
		<depth>3</depth>
	</size>
	<segmented>0</segmented>
	<object>
		<name>conde</name>
		<pose>Unspecified</pose>
		<truncated>0</truncated>
		<difficult>0</difficult>
		<occluded>0</occluded>
		<bndbox>
			<xmin>23</xmin>
			<xmax>70</xmax>
			<ymin>17</ymin>
			<ymax>56</ymax>
		</bndbox>
	</object>
	<object>
		<name>conde</name>
		<pose>Unspecified</pose>
		<truncated>0</truncated>
		<difficult>0</difficult>
		<occluded>0</occluded>
		<bndbox>
			<xmin>149</xmin>
			<xmax>181</xmax>
			<ymin>33</ymin>
			<ymax>59</ymax>
		</bndbox>
	</object>
	<object>
		<name>conde</name>
		<pose>Unspecified</pose>
		<truncated>0</truncated>
		<difficult>0</difficult>
		<occluded>0</occluded>
		<bndbox>
			<xmin>244</xmin>
			<xmax>282</xmax>
			<ymin>50</ymin>
			<ymax>87</ymax>
		</bndbox>
	</object>
</annotation>
