<annotation>
	<folder></folder>
	<filename>DJI_0110_JPG_jpg.rf.560a9ba35ea7d6e9eb65fb6a99676846.jpg</filename>
	<path>DJI_0110_JPG_jpg.rf.560a9ba35ea7d6e9eb65fb6a99676846.jpg</path>
	<source>
		<database>roboflow.ai</database>
	</source>
	<size>
		<width>500</width>
		<height>500</height>
		<depth>3</depth>
	</size>
	<segmented>0</segmented>
	<object>
		<name>conde</name>
		<pose>Unspecified</pose>
		<truncated>0</truncated>
		<difficult>0</difficult>
		<occluded>0</occluded>
		<bndbox>
			<xmin>163</xmin>
			<xmax>209</xmax>
			<ymin>370</ymin>
			<ymax>390</ymax>
		</bndbox>
	</object>
	<object>
		<name>conde</name>
		<pose>Unspecified</pose>
		<truncated>0</truncated>
		<difficult>0</difficult>
		<occluded>0</occluded>
		<bndbox>
			<xmin>206</xmin>
			<xmax>250</xmax>
			<ymin>401</ymin>
			<ymax>429</ymax>
		</bndbox>
	</object>
</annotation>
