<annotation>
	<folder></folder>
	<filename>DJI_0186_JPG_jpg.rf.3ffc0ebf6924d11eb71f72470c37869b.jpg</filename>
	<path>DJI_0186_JPG_jpg.rf.3ffc0ebf6924d11eb71f72470c37869b.jpg</path>
	<source>
		<database>roboflow.ai</database>
	</source>
	<size>
		<width>500</width>
		<height>500</height>
		<depth>3</depth>
	</size>
	<segmented>0</segmented>
	<object>
		<name>conde</name>
		<pose>Unspecified</pose>
		<truncated>0</truncated>
		<difficult>0</difficult>
		<occluded>0</occluded>
		<bndbox>
			<xmin>359</xmin>
			<xmax>395</xmax>
			<ymin>460</ymin>
			<ymax>488</ymax>
		</bndbox>
	</object>
	<object>
		<name>conde</name>
		<pose>Unspecified</pose>
		<truncated>0</truncated>
		<difficult>0</difficult>
		<occluded>0</occluded>
		<bndbox>
			<xmin>89</xmin>
			<xmax>131</xmax>
			<ymin>469</ymin>
			<ymax>499</ymax>
		</bndbox>
	</object>
	<object>
		<name>conde</name>
		<pose>Unspecified</pose>
		<truncated>0</truncated>
		<difficult>0</difficult>
		<occluded>0</occluded>
		<bndbox>
			<xmin>235</xmin>
			<xmax>269</xmax>
			<ymin>469</ymin>
			<ymax>500</ymax>
		</bndbox>
	</object>
	<object>
		<name>conde</name>
		<pose>Unspecified</pose>
		<truncated>0</truncated>
		<difficult>0</difficult>
		<occluded>0</occluded>
		<bndbox>
			<xmin>185</xmin>
			<xmax>229</xmax>
			<ymin>467</ymin>
			<ymax>501</ymax>
		</bndbox>
	</object>
</annotation>
